<keymap version="1" name="Kreweta" parent="Visual Studio">
  <action id="ActivateProjectToolWindow">
    <keyboard-shortcut first-keystroke="alt 1" />
  </action>
  <action id="ActivateSpaceCodeReviewsToolWindow">
    <keyboard-shortcut first-keystroke="ctrl alt 7" />
  </action>
  <action id="ActivateStructureToolWindow">
    <keyboard-shortcut first-keystroke="ctrl alt 1" />
  </action>
  <action id="ActivateTODOToolWindow">
    <keyboard-shortcut first-keystroke="alt 7" />
  </action>
  <action id="ActivateTerminalToolWindow">
    <keyboard-shortcut first-keystroke="alt back_quote" />
  </action>
  <action id="ActivateVersionControlToolWindow" />
  <action id="Arrangement.Alias.Rule.Add">
    <keyboard-shortcut first-keystroke="alt insert" />
  </action>
  <action id="Arrangement.Rule.Add">
    <keyboard-shortcut first-keystroke="alt insert" />
  </action>
  <action id="Back">
    <mouse-shortcut keystroke="button4" />
    <keyboard-shortcut first-keystroke="alt left" />
  </action>
  <action id="CallHierarchy">
    <keyboard-shortcut first-keystroke="shift ctrl j" />
  </action>
  <action id="CloseContent">
    <keyboard-shortcut first-keystroke="ctrl f4" />
    <keyboard-shortcut first-keystroke="ctrl w" />
  </action>
  <action id="CodeCleanup">
    <keyboard-shortcut first-keystroke="ctrl alt g" />
  </action>
  <action id="CodeCompletion">
    <keyboard-shortcut first-keystroke="ctrl space" />
  </action>
  <action id="CollapseAllRegions">
    <keyboard-shortcut first-keystroke="ctrl m" second-keystroke="c" />
  </action>
  <action id="CollapseRegion" />
  <action id="CollapseRegionRecursively">
    <keyboard-shortcut first-keystroke="ctrl m" second-keystroke="r" />
  </action>
  <action id="CollapseSelection" />
  <action id="CommentByLineComment">
    <keyboard-shortcut first-keystroke="ctrl k" second-keystroke="c" />
    <keyboard-shortcut first-keystroke="ctrl k" second-keystroke="ctrl c" />
    <keyboard-shortcut first-keystroke="ctrl k" second-keystroke="ctrl slash" />
    <keyboard-shortcut first-keystroke="ctrl k" second-keystroke="ctrl u" />
    <keyboard-shortcut first-keystroke="ctrl slash" />
  </action>
  <action id="Compile">
    <keyboard-shortcut first-keystroke="ctrl f7" />
    <keyboard-shortcut first-keystroke="ctrl alt b" />
  </action>
  <action id="CompileDirty">
    <keyboard-shortcut first-keystroke="f7" />
    <keyboard-shortcut first-keystroke="shift ctrl b" />
  </action>
  <action id="Console.History.Browse" />
  <action id="Console.Jdbc.BrowseHistory" />
  <action id="Console.TableResult.DeleteRows">
    <keyboard-shortcut first-keystroke="ctrl l" />
  </action>
  <action id="CopyPaths">
    <keyboard-shortcut first-keystroke="ctrl alt c" />
  </action>
  <action id="DatabaseView.SqlGenerator" />
  <action id="Diff.ShowDiff">
    <keyboard-shortcut first-keystroke="ctrl alt d" />
  </action>
  <action id="EditorDecreaseFontSize">
    <keyboard-shortcut first-keystroke="ctrl minus" />
  </action>
  <action id="EditorDeleteLine">
    <keyboard-shortcut first-keystroke="ctrl l" />
  </action>
  <action id="EditorIncreaseFontSize">
    <keyboard-shortcut first-keystroke="ctrl equals" />
  </action>
  <action id="EditorJoinLines">
    <keyboard-shortcut first-keystroke="shift ctrl l" />
  </action>
  <action id="EditorMoveToPageBottom" />
  <action id="EditorMoveToPageTop" />
  <action id="EditorResetFontSize">
    <keyboard-shortcut first-keystroke="shift ctrl equals" />
    <keyboard-shortcut first-keystroke="shift ctrl minus" />
  </action>
  <action id="EditorScrollToCenter" />
  <action id="EditorSelectWord">
    <keyboard-shortcut first-keystroke="ctrl alt right" />
    <keyboard-shortcut first-keystroke="ctrl e" />
  </action>
  <action id="EditorToggleCase">
    <keyboard-shortcut first-keystroke="shift ctrl u" />
    <keyboard-shortcut first-keystroke="ctrl u" />
  </action>
  <action id="EditorToggleShowWhitespaces">
    <keyboard-shortcut first-keystroke="shift ctrl quote" />
  </action>
  <action id="EditorToggleUseSoftWraps">
    <keyboard-shortcut first-keystroke="ctrl quote" />
  </action>
  <action id="EditorUnSelectWord">
    <keyboard-shortcut first-keystroke="shift alt minus" />
    <keyboard-shortcut first-keystroke="shift ctrl e" />
  </action>
  <action id="ExpandAllRegions">
    <keyboard-shortcut first-keystroke="ctrl m" second-keystroke="e" />
  </action>
  <action id="ExpandAllToLevel1">
    <keyboard-shortcut first-keystroke="ctrl m" second-keystroke="1" />
  </action>
  <action id="ExpandAllToLevel2">
    <keyboard-shortcut first-keystroke="ctrl m" second-keystroke="2" />
  </action>
  <action id="ExpandAllToLevel3">
    <keyboard-shortcut first-keystroke="ctrl m" second-keystroke="3" />
  </action>
  <action id="ExpandAllToLevel4">
    <keyboard-shortcut first-keystroke="ctrl m" second-keystroke="4" />
  </action>
  <action id="ExpandAllToLevel5">
    <keyboard-shortcut first-keystroke="ctrl m" second-keystroke="5" />
  </action>
  <action id="ExpandRegion" />
  <action id="FileChooser.NewFolder">
    <keyboard-shortcut first-keystroke="alt insert" />
  </action>
  <action id="FileChooser.TogglePathShowing" />
  <action id="FileStructurePopup">
    <keyboard-shortcut first-keystroke="alt back_slash" />
    <keyboard-shortcut first-keystroke="ctrl comma" />
  </action>
  <action id="Forward">
    <mouse-shortcut keystroke="button5" />
    <keyboard-shortcut first-keystroke="alt right" />
  </action>
  <action id="Generate">
    <keyboard-shortcut first-keystroke="ctrl i" second-keystroke="g" />
  </action>
  <action id="GoGenerateFileAction" />
  <action id="GotoClass">
    <keyboard-shortcut first-keystroke="shift ctrl semicolon" />
  </action>
  <action id="GotoFile">
    <keyboard-shortcut first-keystroke="ctrl p" />
  </action>
  <action id="GotoImplementation">
    <keyboard-shortcut first-keystroke="ctrl f12" />
  </action>
  <action id="GotoSuperMethod">
    <keyboard-shortcut first-keystroke="shift ctrl t" />
  </action>
  <action id="GotoSymbol">
    <keyboard-shortcut first-keystroke="ctrl semicolon" />
  </action>
  <action id="GotoTest">
    <keyboard-shortcut first-keystroke="ctrl t" />
  </action>
  <action id="GotoTypeDeclaration">
    <mouse-shortcut keystroke="shift control button1" />
    <keyboard-shortcut first-keystroke="shift ctrl f12" />
  </action>
  <action id="HideAllWindows" />
  <action id="ImplementMethods">
    <keyboard-shortcut first-keystroke="ctrl i" second-keystroke="i" />
  </action>
  <action id="IncrementalSearch" />
  <action id="InsertLiveTemplate">
    <keyboard-shortcut first-keystroke="ctrl i" second-keystroke="x" />
  </action>
  <action id="IntroduceConstant" />
  <action id="Jdbc.OpenConsole.New" />
  <action id="Jdbc.OpenConsole.New.Generate" />
  <action id="MakeModule">
    <keyboard-shortcut first-keystroke="ctrl b" />
  </action>
  <action id="ManageRecentProjects">
    <keyboard-shortcut first-keystroke="shift ctrl n" />
  </action>
  <action id="MaximizeToolWindow" />
  <action id="MethodDown" />
  <action id="MethodUp" />
  <action id="MoveLineDown">
    <keyboard-shortcut first-keystroke="alt down" />
  </action>
  <action id="MoveLineUp">
    <keyboard-shortcut first-keystroke="alt up" />
  </action>
  <action id="Mvc.RunTarget" />
  <action id="NewElement">
    <keyboard-shortcut first-keystroke="alt insert" />
  </action>
  <action id="NewFile">
    <keyboard-shortcut first-keystroke="ctrl n" />
  </action>
  <action id="NextTab">
    <keyboard-shortcut first-keystroke="ctrl page_down" />
  </action>
  <action id="NotebookSplitCellAction" />
  <action id="OverrideMethods">
    <keyboard-shortcut first-keystroke="ctrl i" second-keystroke="o" />
  </action>
  <action id="Pause">
    <keyboard-shortcut first-keystroke="ctrl alt cancel" />
    <keyboard-shortcut first-keystroke="ctrl pause" />
    <keyboard-shortcut first-keystroke="f6" />
  </action>
  <action id="PerforceDirect.Edit" />
  <action id="PreviousTab">
    <keyboard-shortcut first-keystroke="ctrl page_up" />
  </action>
  <action id="Print" />
  <action id="QuickImplementations">
    <keyboard-shortcut first-keystroke="alt f12" />
    <keyboard-shortcut first-keystroke="shift ctrl q" />
  </action>
  <action id="QuickJavaDoc">
    <keyboard-shortcut first-keystroke="ctrl q" />
  </action>
  <action id="RecentFiles">
    <keyboard-shortcut first-keystroke="shift ctrl p" />
  </action>
  <action id="RecentLocations" />
  <action id="ReformatCode">
    <keyboard-shortcut first-keystroke="ctrl alt f" />
    <keyboard-shortcut first-keystroke="shift ctrl alt f" />
  </action>
  <action id="RenameFile">
    <keyboard-shortcut first-keystroke="f2" />
  </action>
  <action id="ResourceExplorer.show" />
  <action id="RevealIn">
    <keyboard-shortcut first-keystroke="ctrl alt e" />
  </action>
  <action id="SearchEverywhere">
    <keyboard-shortcut first-keystroke="shift ctrl g" />
  </action>
  <action id="ServiceView.AddService">
    <keyboard-shortcut first-keystroke="alt insert" />
  </action>
  <action id="ShowFilterPopup" />
  <action id="ShowRecentTests" />
  <action id="SilentCodeCleanup" />
  <action id="SmartSelect">
    <keyboard-shortcut first-keystroke="shift alt equals" />
    <keyboard-shortcut first-keystroke="ctrl alt right" />
  </action>
  <action id="SurroundWith">
    <keyboard-shortcut first-keystroke="ctrl i" second-keystroke="s" />
  </action>
  <action id="SurroundWithLiveTemplate" />
  <action id="SwitcherIterateItems" />
  <action id="SwitcherRecentEditedChangedToggleCheckBox" />
  <action id="TableResult.GrowSelection">
    <keyboard-shortcut first-keystroke="shift alt equals" />
    <keyboard-shortcut first-keystroke="ctrl alt right" />
  </action>
  <action id="TypeHierarchy">
    <keyboard-shortcut first-keystroke="ctrl j" />
  </action>
  <action id="TypeHierarchyBase.BaseOnThisType" />
  <action id="Uml.NewElement">
    <keyboard-shortcut first-keystroke="alt insert" />
  </action>
  <action id="Unscramble" />
  <action id="UsageFiltering.Imports" />
  <action id="UsageFiltering.WriteAccess" />
  <action id="UsageGrouping.FileStructure" />
  <action id="Vcs.Show.Local.Changes">
    <keyboard-shortcut first-keystroke="alt 9" />
  </action>
  <action id="Vcs.Show.Log">
    <keyboard-shortcut first-keystroke="shift ctrl alt 9" />
  </action>
  <action id="Vcs.ShowTabbedFileHistory">
    <keyboard-shortcut first-keystroke="ctrl alt 9" />
  </action>
  <action id="ViewBreakpoints">
    <keyboard-shortcut first-keystroke="ctrl alt 5" />
  </action>
  <action id="WelcomeScreen.RevealIn">
    <keyboard-shortcut first-keystroke="ctrl alt e" />
  </action>
  <action id="org.intellij.plugins.markdown.ui.actions.styling.InsertImageAction" />
  <action id="org.intellij.plugins.markdown.ui.actions.styling.ToggleItalicAction" />
</keymap>